T?NG H?P T?N KHO;;;;;;;;
Kho: Kho Vientiane SPM, T? ngày 04/10/2025 ??n ngày 20/12/2025;;;;;;;;
STT;Mã hàng;Tên hàng;?VT;Cu?i k?;SL Ki?m kê;Chênh l?ch;Ghi chú;
;;;;S? l??ng;;;;
1;8993175566834;AHH Strawberry 9g;Gói;16 ;;;;
2;8857123882127;Aluminium CP 10m x 30cm - ??1030;Box;202 ;;;;
3;8857123882134;Aluminium CP 10m x 45cm - ??1045;Box;278 ;;;;
4;8857123882332;Aluminum CP 3 m x 30cm - ??0330;Box;673 ;;;;
5;8857123882448;Aluminum CP 5 m * 45cm - ??0545;Box;621 ;;;;
6;840205705467;Bake Nest Biscuit (Glucose ) 35g * 10 PCS *12 - ????35;Fax;4.933 ;;;;
7;840205705481;Bake Nest Biscuit (Maltn Milk ) 35g * 10 PCS *12 - ????35;Fax;5.063 ;;;;
8;8857123818607;Basil Seed Drink Lychee  350ml;Bot;138 ;;;;
9;8857123818386;Basil Seed Drink Pineapple 350ml;Bot;66 ;;;;
10;8857123818423;Basil Seed Drink Pomegranate  350ml;Bot;96 ;;;;
11;88571238183487;Basil Seed Drink Strawberry  350ml;Bot;36 ;;;;
12;80W90EP;BVP BP England 80W-90 EP;Tuýp;20 ;;;;
13;8938507821144;Capuchino coffee napoli bag 18 - ???? Capuchino 18??? (29Gx18Sachets);Bag;1 ;;;;
14;8938507821083;Capuchino coffee napoli box 10 - ???? Capuchino 10??? (29Gx10Sachets);Box;62 ;;;;
15;8938507821267;Capuchino coffee napoli box 5 - Cà phê Capuchino 5??????? (29Gx5sachets);Box;129 ;;;;
16;8938507821045;coco napoli 6in1 bag 10 - ????? 6 IN 1 ?????? (1 Pack = 10 Sachets 22G);Pack;769 ;;;;
17;8938507821021;coco napoli 6in1 box 10 - ????? 6 IN 1 ?????? (22Gx10Sachets);Box;33 ;;;;
18;8935024173084;Coffee G7 3 in1 Bag 20 Sticks - ??G7?20;Bag;1.484 ;;;;
19;8935024129357;Coffee G7 3 in1 Bag 50 Sachets - ??G7?50 (PASG);Bag;225 ;;;;
20;8935024122310;Coffee G7 3 in1 Box18 Sticks - ??G7?18;Box;380 ;;;;
21;8935024126844;Coffee G7 3IN1 Bag 100 stick * 16g;Bag;203 ;;;;
22;8935024123287;Coffee G7 3in1 box21 - ??G7?21;Box;1.517 ;;;;
23;8935024120187;Coffee G7 Pure Black Box15 Sachets -??G7??15;Box;1.231 ;;;;
24;8935024170533;Coffee Legend legend classic bag 50 - ?????50;Bag;1 ;;;;
25;8935024170519;Coffee Legend legend classic box 21 - ?????21;Box;0 ;;;;
26;8936052760437;Craker korky cheese 285g -????????????????? ?????? ??? 285g;Bag;1.235 ;;;;
27;8936052761052;Craker korky chocolate choconut250g -????????????????? ?????? ?????????????????? 250g;Bag;1.364 ;;;;
28;8857128993552;Crunch Cream - Crispy Bar vvith Milk Flavor;Box;58 ;;;;
29;8857128993569;Crunch Cream - Crispy Bar with Chocolate Flavor;Box;17.961 ;;;;
30;8935020217010;Chateau Dalat Signature Shiraz 750ml;Bot;4 ;;;;
31;8935020202016;Chateau Dalat Special Cabernet Sauvignon 750ml;Bot;30 ;;;;
32;8935020231017;Chateau Dalat Special Sauvignon Blanc 750ml  - ??????750;Bot;18 ;;;;
33;8935020209572;Dalat Red Wine Classic 750ml;Bot;0 ;;;;
34;8935020210677;Dalat Red wine Dankia 750ml - ??????750;Bot;756 ;;;;
35;8935020254015;Dalat Red wine Excellence 750ml;Bot;216 ;;;;
36;8935020226050;Dalat Red wine Export 750ml;Bot;180 ;;;;
37;8935020209602;Dalat white wine Clasic 750ml;Bot;433 ;;;;
38;8935020259010;Dalat White wine Excellence 750ml - ??????750;Bot;83 ;;;;
39;8935020244016;Dalat White wine Export 750ml;Bot;17 ;;;;
40;8935020211735;DALAT WINE PREMIER ( new ) 750ml - ??????????????? 750ml ??????;Chai;1.542 ;;;;
41;28935020211739;DALAT WINE PREMIER 750ml - ???????????????  750ml;Chai;5 ;;;;
42;8857123882776;Fax Ahan CP - 400m x 30cm - ??40030;Box;98 ;;;;
43;8857123882554;Fax ahan CP 200m x 30cm - ??20030;Box;91 ;;;;
44;8857123882349;Fax ahan CP 30cm x30cm - ??3030;Box;212 ;;;;
45;8857123882882;Fax ahan CP 600 x 45cm -??60045;Box;156 ;;;;
46;8857128993620;Fax Ahan spcooks 250*30cm  - ??????? SPCooks 250*30??;Cái;0 ;;;;
47;8857128993637;Fax Ahan spcooks 450*30cm  - ??????? SPCooks 450*30??;Cái;25 ;;;;
48;831730000707;FRUIT COCKTAIL TETRA 1000ML-PRAN ???????????? 1000ml x 12 ???;Chai;4.378 ;;;;
49;8935024171370;G7 Black Instant coffee - box 50 sachets;Box;536 ;;;;
50;8857128993927;Hang 200 Original (???????????);Bottle;7.553 ;;;;
51;8857128993910;Hang 200 Stawberry (?????????????);Bottle;9.639 ;;;;
52;841165160037;Hurray Gems - 10g x 30pcs x 6 jar;Bot;584 ;;;;
53;8938507821281;ices coffee napoli 2in1 box 10 - ??????????? 2in1 (17Gx6sachets);Box;73 ;;;;
54;8938507821373;ices coffee napoli bag 10 - ???????????????? ?????? (1 pack = 10 sachets 16G);Pack;469 ;;;;
55;8938507821458;ices coffee napoli box 10 - ???????????????? ?????? (16Gx10Sachets);Box;9 ;;;;
56;8935057102778;jelly Zai Zai  lod sa nom 320g;Bag;833 ;;;;
57;8935057102846;jelly Zai Zai  mark mai luam 210g;Bag;2.388 ;;;;
58;8935057101757;jelly Zai Zai  mark mai luam 350g;Bag;728 ;;;;
59;8935057102853;jelly Zai Zai lod sa nom 210g;Bag;1.294 ;;;;
60;8935057102860;jelly Zai Zai mark mai luam 160g;Bag;3.644 ;;;;
61;8935057102662;jelly Zai Zai mark mai luam 320g;Bag;1.345 ;;;;
62;8936036 963267;Ker mao khang- Viên gi?i r??u;Tube;2 ;;;;
63;KMM;Ket pau mark may op heng;An;50 ;;;;
64;8936052761236;KN banana Q3 250g -????????????????? ??????????;Bag;51 ;;;;
65;KTMVA;kong 0 thong mue Viet an size ( M & L );Cái;600 ;;;;
66;HNTSKS;Kong sai tissue hong nam -????;Ea;561 ;;;;
67;HNTSKSN;Kong say tissue hongnam bep May - ??????;Cái;306 ;;;;
68;KKN;Kup khao nom 400g ( hôp thay móp méo );An;500 ;;;;
69;8936067666250;Khao Nom ATELA Corn 150g;Box;297 ;;;;
70;8936067664522;Khao Nom ATELA Corn 342g;Box;0 ;;;;
71;8936067665338;Khao Nom ATELA Nga dam  150g;Box;23 ;;;;
72;8936067662795;Khao Nom ATELA Nga dam  342g;Box;3 ;;;;
73;8936067666274;Khao Nom ATELA potato 150g;Box;21 ;;;;
74;8936067661316;Khao Nom ATELA potato 342g;Box;2 ;;;;
75;8936160700929;Khao nom Bodhi 250g ( mark nga );Bag;1.649 ;;;;
76;8936160700370;Khao nom Bodhi egg milk 200g - ??????200;Bag;3 ;;;;
77;8936067660548;Khao nom Braka coffce 150g - ??????150;Box;4 ;;;;
78;8936067660456;Khao nom Braka coffce 360g - ????360;Box;14 ;;;;
79;8936052760963;Khao nom chizy 230g -??????????????230g;Bag;2.305 ;;;;
80;KNCCLB;Khao nom chocolate hua jai ( blue ) - ???????????????????????? ( ??? );H?p;290 ;;;;
81;KNCCLG;Khao nom chocolate hua jai ( gold ) - ???????????????????????? ( ??? );H?p;4 ;;;;
82;KNALS;Khao nom chocolate hua jai ( Red - Blue - yellow )  - ???????????????????????? ( ??? - ??? - ?????? );Box;1.950 ;;;;
83;841165146703;Khao nom Dairy Milk 385g - ?????385;Touk;233 ;;;;
84;KNAT;Khao Nom hor kata Austin;Box;2 ;;;;
85;893615871007;Khao Nom hor kata Cookies;Box;11 ;;;;
86;KNDLC;Khao nom hor kata Delicious;Box;17 ;;;;
87;8936158710077;Khao nom hor kata Famy;Box;6 ;;;;
88;300KNFLE;Khao Nom hor kata Froelie 300g;Box;18 ;;;;
89;300KNRL;Khao Nom hor kata Frolene 300g;Box;15 ;;;;
90;KNKR;Khao nom hor kata Korae - ????????????????? ??????? 450g;Box;199 ;;;;
91;KNAML;Khao nom Hor Kata kup noi Amely;Box;39 ;;;;
92;KNCRQ;Khao nom Hor kata kup noi CremQ;Box;16 ;;;;
93;KNOR;Khao nom hor kata kup noi Oren;Box;39 ;;;;
94;KNLT;Khao nom hor kata Lotus - ????????????????? ????? 450g;Box;40 ;;;;
95;MSKN;Khao nom hor kata MAJSTIC 400g - ?????400;Box;1 ;;;;
96;KNRC;Khao nom hor kata Rychi;Box;16 ;;;;
97;KNTOPO;Khao nom Hor kata TOPO;Box;35 ;;;;
98;8936063741692;Khao Nom LIPO Butter flavour 135g ( b? ) - ??????;Bag;3.965 ;;;;
99;8936063741685;Khao Nom LIPO Coconut135g ( dua ) - ??????;Bag;1.203 ;;;;
100;8936063740039;Khao nom LIPO Cream egg ( tr?ng ) -??????;Bag;7.119 ;;;;
101;8936063741043;Khao Nom LIPO Chocolate 135g ( socola  )  - ???????;Bag;4.626 ;;;;
102;8936063741678;Khao Nom LIPO Thua Lien 135g ( sau rieng ) - ??????;Bag;3.931 ;;;;
103;8936160700790;Khao nom mark kuoi / Khay khiem 250g;Bag;47 ;;;;
104;KNRM;Khao nom Roma;Box;2 ;;;;
105;841165146260;Khao Nom Treat 360G ???360;Box;6.578 ;;;;
106;250YGKN;Khao nom YOGURT CAKE 250g ( Egg - MILK - Dokbua - Mark Teng);Bag;2.484 ;;;;
107;841165128686;Lexus Vegetable crackers 240gm Pran;An;371 ;;;;
108;8936013930695;Mai jim kheo 1 kan  ( t?m gi?y ) - ???1?;Fax;2.233 ;;;;
109;8936013930206;mai jim kheo laem ( T?m nh?n ) - ?????;Fax;1.016 ;;;;
110;8938506010310;Mark Kuay 200g ( chu?i sây ) - ??200;Bag;432 ;;;;
111;8938506010303;Mark Kuay 80g  ( Chu?i S?y  ) ??80;Gói;36 ;;;;
112;MLS2L100;Mark laseng king  - ???????????????? king raisins 100g ( ????? );H?p;274 ;;;;
113;MLS3L100;Mark laseng king  - ???????????????? king raisins 100g (8 ????? );H?p;68 ;;;;
114;MLS1L100;Mark laseng king - ???????????????? king raisins  100g;H?p;40 ;;;;
115;MLSOP100;Mark laseng op heng ???????????????? 100g;Box;71 ;;;;
116;MLS4L100;Mark laseng Raisin  - ???????????????? Raisin 100g;H?p;308 ;;;;
117;MLS6L100;Mark laseng Raisin  - ???????????????? Raisin 100g ?????????;H?p;240 ;;;;
118;MLS7L100;Mark laseng Seedless  - ???????????????? eedless 100g  6 ?????;H?p;43 ;;;;
119;MLSSL;Mark laseng seedless  - ???????????????? seedless 100g;Box;9.885 ;;;;
120;8938506010693;Mark Mai Luom 80g ( Trái cây s?y ) ???80;Gói;571 ;;;;
121;8938506010433;Mark may Luom 250g ( trái cây s?y ) - ???250;Bag;584 ;;;;
122;8938506010358;Mark mi  80g ( Mít S?y ) - ????80;Gói;2.330 ;;;;
123;8938506010259;Mark Mi 200g -??200;Bag;627 ;;;;
124;8936024925642;May Phan Hu ATEN ( Kan may) Bag 100kan - ?????100?;Fax;467 ;;;;
125;8936024925666;May Phan Hu ATEN ( Kan may) Box 200kan - ???????200;Fax;60 ;;;;
126;8936024920678;May Phan Hu ATEN Baby Box - ?????????;Fax;38 ;;;;
127;8936024920623;May Phan Hu ATEN Baby thung Zipper - ?????????;Fax;3.000 ;;;;
128;8936024920548;May Phan Hu ATEN PHUYAI  thung Zipper - ???????;Fax;1.590 ;;;;
129;8936024920661;May Phan Hu ATEN PHUYAI BOX -?????????;Fax;2 ;;;;
130;8936024920333;May phan hu Dr Pan 43 -??????43;Fax;80 ;;;;
131;1NYMPH;May phan hu Yumy kisd pen thong 100karn(noi) - ???????;Fax;9 ;;;;
132;2YYMPH;May phan hu Yumy pen kap 200karn(yai) - ???????200;Fax;66 ;;;;
133;8936048473921;Me Reeva Lod Kai ( 65g 30bag/ket) - ?????;Bag;64 ;;;;
134;8936048470623;Me Reeva Lod Tom Yum ( 65g 30bag/ket) -?????;Bag;3.581 ;;;;
135;8936010681668;Me SepSep Spaghetti BBQ 105G - ?????????;Box;5.601 ;;;;
136;8936010681316;Me SEPSEP Spaghetti ngua 105g - ???????;Box;18.084 ;;;;
137;8936010681538;Me SepSep Spaghetti Spicy 105g - ???????;Box;5.532 ;;;;
138;8938507821434;milk hot coffee napoli 3in1 bag 10 - ?????????????? 3in1 ?????? (1 Pack = 10 Sachets 16G);Pack;973 ;;;;
139;8938507821274;milk hot coffee napoli 3in1 box 5 - ?????????????? 3in1 (16Gx5sachets);Box;2 ;;;;
140;8938507821113;milk hot coffee napoli 3in1 box 50 - ?????????????? 3in1 ?????? 18 (16Gx18Sachets);Box;131 ;;;;
141;8938507821151;milk hot coffee napoli 3in1 box 50 - ?????????????? 3in1 ?????? 50 (16Gx50Sachets);Box;31 ;;;;
142;8938507821052;milk ices coffee napoli 3in1 bag 10 - ??????????? ?????? (1 Pack = 10 Sachets 22G);Pack;466 ;;;;
143;8938507821090;milk ices coffee napoli 3in1 bag 35 - ??????????? ?????? 3in1 (22Gx35sachets);Bag;0 ;;;;
144;8938507821250;milk ices coffee napoli 3in1 bag box5 - ??????????? 3in1 (22Gx5sachets);Box;72 ;;;;
145;8938507821014;milk ices coffee napoli 3in1 box 10 - ??????????? ?????? (22Gx10Sachets);Box;22 ;;;;
146;8936134856249;Mo ka tha lerk 28cm - ????28??;An;1 ;;;;
147;8936134856256;Mo ka tha lerk 30cm - ????30??;An;5 ;;;;
148;8936134856041;Mo ka tha nar 26cm - ????26??;An;11 ;;;;
149;8936134856058;Mo ka tha nar 28cm - ????28??;An;1 ;;;;
150;150MF;Mun France Lod Cheese 150g;Bag;0 ;;;;
151;8938546424009;Nam ka thing daeng 250ml;Both;6.050 ;;;;
152;8936204251417;Nam linjie 320ml - ????????????? 320ml;Both;0 ;;;;
153;8936204251998;Nam mark mung khoud 455ml- ???????????? 445ml;Both;240 ;;;;
154;8936204250328;nam mark not 320ML;Both;2.849 ;;;;
155;8936204250755;Nam sa nam pherng mark kieng 500ml - ???????????????????? 500ml;Both;0 ;;;;
156;8936204250779;Nam sa nam pherng mark nao 500ml - ??????????????????? 500ml;Both;0 ;;;;
157;8857128993682;Nam Sapsap - Mak ton (???????????);Box;15.309 ;;;;
158;8857128993538;Nam Sapsap - Xa Xuen jai (????????);Box;10.014 ;;;;
159;8936204251127;Nam syda 500ml - ?????????? 500ml;Both;0 ;;;;
160;780LCNY;Nam ya lang chan Champa  780g -  ??????780;Bot;0 ;;;;
161;8857128993217;Nam ya lang jan ST 3600ml - ????????????? ST;Chai;15 ;;;;
162;8857128993200;Nam ya lang jan ST 800ml -  ????????????? ST;Chai;1.501 ;;;;
163;8936211430324;nam ya set kharp 600ml - ???????????? 600??;An;101 ;;;;
164;8936211430515;nam ya set vaen 600ml - ????????????? 600??;Chai;330 ;;;;
165;8938512575148;nam ya set vaen kimono 650ml - ????????????? kimono 650??;An;1 ;;;;
166;8938547976248;Nam ya thu phuen 1kg ??????????????? 1kg ??;Bot;182 ;;;;
167;8938547976682;Nam ya thu phuen lyly 1kg;Bot;732 ;;;;
168;8857128993231;Nam ya thu phuen ST pink 1000ml - ???????????? ST 1000ml ?????;Box;68 ;;;;
169;8938547976361;nam ya thu phuen vani 1kg - ??????????????????? 1 ??;Bot;678 ;;;;
170;8858682600290;Pasen  super fish BBQ 55g- ??????? ????????? ???????  55g;Bag;7 ;;;;
171;8858682601525;pasen  superfish Crab sticks - ????????????????????? 55g;Bag;238 ;;;;
172;831730000264;PINEAPPLE FRUIT DRINK 1000 MLX12-PRAN ????????? 1000ml x 12 ???;Chai;6.723 ;;;;
173;841165139361;PRAN ALOVERA DRINK 500 MLX24 -PRAN ????????????? 500ml x 24 ???;Chai;1.848 ;;;;
174;840205721078;Pran Alovera Drink Mango 500ml*24-PRAN ?????????? ?????????? 500ml x 24 ???;Chai;2.412 ;;;;
175;840205756155;Pran Alovera Drink Strawberry 500ml*24-PRAN ???????????? ?????????? 500ml x 24 ???;Chai;3.613 ;;;;
176;831730000226;"PRAN APPLE FRUIT DRINK 1000ML X 12-PRAN ??????????????? 1000ml x 12 ??? """;Chai;4.260 ;;;;
177;841165154944;PRAN COCONUT CREAM BISCUIT  90g * 24pcs - ?????? ???? ???? ???????????;An;8.548 ;;;;
178;841165101054;PRAN CHOCOLATE CREAM BISCUIT  90g * 24pcs - ?????? ???? ????;An;9.376 ;;;;
179;846656009321;PRAN LITCHI FRUIT DRINK 1000MLX12-PRAN ?????????? 1000ml x 12 ???;Chai;2.732 ;;;;
180;841165101030;PRAN PINEAPPLE CREAM BISCUIT  90g * 24pcs  - ?????? ???? ????  ??? ???????;An;4.715 ;;;;
181;846656013120;PRAN POMEGRANATE FRUIT DRINK 1000ML-PRAN ?????????? 1000ml x 12 ???;Chai;4.147 ;;;;
182;PRANPTT;PRAN POTATA SPICY, CHEESE, BBQ, ONION BISCUIT 50 GM X 12 PCS X 8 BOX -  ???????????? ??????? ??????? ,??? ,??????? ,??????;Box;2.270 ;;;;
183;841165101047;PRAN STRAWBERRY CREAM BISCUIT  90g * 24pcs - ?????? ???? ???? ??? ??????????;An;4.600 ;;;;
184;841165154951;PRAN VANILLA CREAM BISCUIT  90g * 24pcs - ?????? ???? ???? ??? ??????;An;10.602 ;;;;
185;5008776803097;PVC CP Food Wrap 400m x 60cm;Roll;1 ;;;;
186;5008776803080;PVC CP Food Wrap 600m x 60cm;Roll;2 ;;;;
187;KBBAKPP - SBBAKPP - PBBAKPP;Pha phaek Baby AKAY Khiew - Som - Pha - ?????-?-?;Bag;2.538 ;;;;
188;8938511060256;Pha phaek Oshin;Bag;142 ;;;;
189;8,85097E+12;Pha phaek Yeti baby wipes 300g - ????? ???? 300g  (?????, ????, ???);Box;6.215 ;;;;
190;8850969370384;Pha phaek Yeti Baby Wipes 600g - ????????? 600g (??????, ??????, ???);Box;1.276 ;;;;
191;8936230640025;Pha phaek ????????? 800g- yeti baby Wipes  (???,???);Bag;795 ;;;;
192;6932384017340;phem phert phu thau YIBERO size L;Bag;998 ;;;;
193;6932384017357;phem phert phu thau YIBERO size XL;Bag;602 ;;;;
194;6975750150791;phem phert phu thau YIBERO size XXL;Bag;696 ;;;;
195;8993175553582;Richeese cookies 112g;Gói;5 ;;;;
196;8857128993705;Sapsap Cake lod khao mao 240g ( ????????????? );Box;2.206 ;;;;
197;8857128993712;Sapsap Cake lod Mak kuay 240g ( ?????????? );Box;3.086 ;;;;
198;8857128993873;Sapsap Cake lod strawberry 240g ((?????????????);Box;3.278 ;;;;
199;8857128993590;Sapsap Drink - ??????? 455ml ?i;Chai;7.790 ;;;;
200;8857128993576;Sapsap Drink - ????????? 455ml m?ng c?t;Chai;27 ;;;;
201;8859522968686;Sen lorn sakhu Nam xiem 500g - ????????????? ??????? 500g;Bag;869 ;;;;
202;8857128993361;Sensen bugle 70g - BBQ (??? ???????);An;2.333 ;;;;
203;8857123882103;Sensen Potato chips 110g - BBQ (??????????);Box;25 ;;;;
204;8857123882080;Sensen Potato chips 110g - Crab Curry (?????????????????);Box;18 ;;;;
205;8857123882073;Sensen Potato chips 110g - Hot & Spicy (???????);Box;23 ;;;;
206;8857128993415;Sensen Potato chips 110g - Pizza (??? ??????);An;9.857 ;;;;
207;8857123882097;Sensen Potato chips 110g - Seaweed (??????????);Box;1.799 ;;;;
208;8857128993408;Sensen Potato chips 110g - Tomato (??? ?????????);An;7.525 ;;;;
209;8857123882028;Sensen Potato chips 70g - BBQ (??????????);Box;;;;;
210;8857123882042;Sensen Potato chips 70g - Crab Curry (?????????????????);Box;;;;;
211;8857123882035;Sensen Potato chips 70g - Hot & Spicy (???????);Box;164 ;;;;
212;8857128993385;Sensen Potato chips 70g - Pizza (??? ??????);An;7.747 ;;;;
213;8857123882059;Sensen Potato chips 70g - Seaweed (??????????);Box;6 ;;;;
214;8857128993378;Sensen Potato chips 70g - Tomato (??? ?????????);An;5.628 ;;;;
215;8857128993354;Sensen Triangle corn 70g -  Cream onion (??? ??????????);An;2.193 ;;;;
216;8857128993347;Sensen Triangle corn 70g - BBQ (??? ???????);An;2.482 ;;;;
217;8934662398408;ST Hand wash - Peach Bellini 500ml ( namya lang mue Nam ) - ST?????;Bot;1.778 ;;;;
218;8934662398415;ST Hand wash - Tropical Mango 500ml ( namya lang mue Nam )  - ST?????;Bot;2.259 ;;;;
219;LNKSTKN;Stick Kong Milky choco - Milk - Strabery - chocolate - Mango - ?????????-???-???;Box;5.419 ;;;;
220;8993175564915;Strawberry Wafer 110g;Bag;160 ;;;;
221;8993175564892;Strawberry Wafer 50g;Bag;834 ;;;;
222;8938545001263;teen kai bigger 48g?????????????? 48g;Bag;1.468 ;;;;
223;8938545001447;teen kai dong dengthong noy-???????????????????35g;Pack;1.956 ;;;;
224;8938545001041;teen kai dong mak phet 40g-???????????????????? 40g;Bag;3.566 ;;;;
225;8938545001027;teen kai dong mak phet 80g-???????????????????? 80g;Bag;757 ;;;;
226;8938545001485;teen kai dong som thong noy-????????????????????22g;Pack;1.964 ;;;;
227;8938545001058;teen kai dong32g-????????? 32g;Bag;0 ;;;;
228;8938545001478;teen kai phet pen to thong noy-????????????????????????35g;Pack;1.947 ;;;;
229;8938545001324;teen kai phet pento40g - ?????????? ??????????40g;Bag;198 ;;;;
230;8857123882967;Tissu 10  Kor / Fax bor mi ken ( si bua ) -??10????;Fax;36 ;;;;
231;8857123882370;Tissu 10 kor/fax bor mi ken ( si khieu) - ??10??;Fax;158 ;;;;
232;8857123882868;Tissu 10 Kor/fax mi ken - ??10??;Fax;75 ;;;;
233;8857123882660;Tissu 10 Kor/fax mi ken ( Hom hor ) - ??10??;Fax;0 ;;;;
234;8857123882769;Tissu 24 kor / Fax mi ken - ??24???;Fax;29 ;;;;
235;8857123882165;Tissu bep dung 100 phen, 16 fek / ket - ????100?;Fax;113 ;;;;
236;8857123882264;Tissu bep dung 250 phen, 12 fak / carto -????250;Fax;245 ;;;;
237;8857123882363;Tissu bep kap, 36  Box / ket - ????;Box;180 ;;;;
238;8857123882288;Tissu dung 200 Phen 12 fax / carton( Me lai dork ) - ????200;Fax;394 ;;;;
239;8857123882233;Tissue bep dung 150 phen - ????150?;Fax;101 ;;;;
240;8857123882424-001;Tissue Dao Huong  10 kor / fax -????10?;Fax;115 ;;;;
241;8857123882424;Tissue Dao Huong 10 kor/fax ( bor me ken) - ????10?;Fax;102 ;;;;
242;8857123882110;Tissue kor yai 1kg ( sam lap hong nam ) - ????1?;Roll;633 ;;;;
243;8857123882462;Tissue kor yai 700g (sam lap hong nam ) - ????700;Roll;409 ;;;;
244;8935024163504;TN Coffee Creative No1. 340gr (Ground Coffee);Bag;106 ;;;;
245;8935024163511;TN Coffee Creative No2. 340gr (Ground Coffee);Bag;107 ;;;;
246;8935024130254;TN Coffee Legend Phin Giay (Drip Filter) 100gr - Americano (10 sachets 10gr/box);Box;83 ;;;;
247;8935024130261;TN Coffee Legend Phin Giay (Drip Filter) 100gr - Fusion Blend (10 sachets 10gr/box);Box;83 ;;;;
248;8935024130247;TN Coffee Legend Phin Giay (Drip Filter) 100gr - Vietnamese Blend (10 sachets 10gr/box);Box;82 ;;;;
249;8936052760970;Today cake 240g - ????????????????  ????????????? 240g;Box;0 ;;;;
250;8936052760987;Today cake 240g - ????????????????  ?????????? 240g;Box;16 ;;;;
251;8936052760918;Today cake 240g - ????????????????  ????????? 240g;Box;0 ;;;;
252;8936052760994;Today cake 240g - ????????????????  ????????? 240g;Box;0 ;;;;
253;8936085980994;Túi Zipper ( 15cm x 20cm x 25 an )- ???1520;Box;908 ;;;;
254;4337NNC;Thong Canvas NNC 43 x 37 - Túi V?i NNC;An;1.074 ;;;;
255;8936085980246;Thong mua ahan size L ( 100 an / box ) ???L;Box;2.054 ;;;;
256;8936085980239;Thong mua ahan size M ( 100 an / box) - ???M;Box;1.460 ;;;;
257;8938511051292;Thong sai ahan 17x25 x 220g;Roll;79 ;;;;
258;8938511051186;Thong sai ahan 20x30 x 250g;Roll;1 ;;;;
259;8938511051148;Thong sai ahan 20x30 x 500g;Roll;0 ;;;;
260;8938511051155;Thong sai ahan 25cmx35cmx200 túi (32 cái/thùng) - ????2535;Roll;860 ;;;;
261;8938511051124;Thong sai ahan 30cmx45cmx200 túi (32 cu?n/thùng) ????3045;Roll;1.028 ;;;;
262;8938511051209;Thong sai kee yeua 43cm x 53cm - ????4353;Roll;1.757 ;;;;
263;8938511051179;Thong sai kee yeua 53cm x 63cm - ????5363;Roll;544 ;;;;
264;5565KY;Thong sai kee yeua 55cm x 65cm ( 3 kor/fax) - ????5565;Fax;10 ;;;;
265;8938511051308;Thong sai kee yeua 65cm x 85cm - ????6585;Roll;36 ;;;;
266;8938511051391;Thong sai kee yeua kor 55cm x 60cm - ????5560;Roll;117 ;;;;
267;XLSATM;Thung mu ( Sun ) size S - ????S;Fax;45 ;;;;
268;LYATM;Thung mu ( Yao ) Size L - ????L;Fax;1 ;;;;
269;XLYATM;Thung mu ( Yao ) Size XL - ????XL;Fax;4 ;;;;
270;8936141660006;Thung Zipper ( 14cm x 20cm x 30 an )- ???1420;Box;3 ;;;;
271;8936085980635;Th?ng Zipper ( 5cm x7cm x 100 an ) -???0507;Bag;1.037 ;;;;
272;8936085980642;Thung Zipper ( 7cm x10cm x80 túi ) - ???0710;Bag;581 ;;;;
273;914ZP;Thung Zipper ( 9cm x14cm x 40 an ) ???1014;Bag;2.401 ;;;;
274;8936085980024;Thung Zipper size L ( 26.5cm x 31cm x20 an) - ???2631;Box;1.152 ;;;;
275;8936085980017;Thung Zipper size M ( 18cm x 21cm x 30 an ) - ???1821;Box;1.938 ;;;;
276;8936085980031;Thung Zipper size XL ( 28cm x 35cm x 10 an  ) - ???2835;Box;1.356 ;;;;
277;841165149308;Treat Coffee Chocolate Bar 20gmX20pcsX12box - ????????? ???? ??? ????;Box;317 ;;;;
278;BTZP;V? h?p túi zipper ( mua sang thay hàng túi ko bán ?c );An;6.000 ;;;;
279;8936001171017;Xa sod 3 dao 100g;Bag;917 ;;;;
280;8936001170331;Xa sod 3 dao 200g;Bag;740 ;;;;
281;8936001170027;Xa sod 5 dao 100g;Bag;339 ;;;;
282;8936001170133;Xa sod 5 dao 200g;Bag;606 ;;;;
283;8938539381135;yeti tissue - ????????????? 1280 ????;Bag;3 ;;;;
284;KOVP;????????????????? - h?p không bánh h?p v? phong;PCS;839 ;;;;
285;VHKNHO;?????????????????? - vô h?p không nho;H?p;700 ;;;;
286;893 534080983 4;???????????????????? 01;An;27 ;;;;
287;893 534080982 7;???????????????????? 02;An;75 ;;;;
288;8857128993781;??????????????? CP 400*30cm ( ???????? ) - Kor phaek CP 400*30cm;Cái;96 ;;;;
289;8857128993798;??????????????? CP 600*45cm ( ???????? ) - Kor phaek CP 600*45cm;Cái;158 ;;;;
290;841165161539;????????? ??????????  PRAN COOKIES TIME CHOCO CHIPS COOKIES 160GM X 36 PCS;Bag;8.614 ;;;;
291;CTSC80G;????? ????????? ???????  80g - CHIZY TODAY SOFT CREAM 80G;Bag;1.620 ;;;;
292;CTSC80GL;????? ????????? ???????  80g (?????????) - CHIZY TODAY SOFT CREAM 80G;Box;0 ;;;;
293;6971938251632;???????????? - ST Air fresh  ???????????;Bottle;8.839 ;;;;
294;6971938251687;???????????? - ST Air fresh ??????????????;Bottle;6.069 ;;;;
295;6971938251694;???????????? - ST Air fresh ???????????;Bottle;6.520 ;;;;
296;6971938251670;???????????? - ST Air fresh ??????????;Bottle;7.611 ;;;;
297;6971938251649;???????????? - ST Air fresh ????????????????;Bottle;7.427 ;;;;
298;HMNTG;???????????????? NTG hàng m?u;Bag;1.208 ;;;;
299;HMDMD;????????????????DMD-Hàng m?u;Box;90 ;;;;
300;893 609915314 8;??????? ?? 01;An;96 ;;;;
301;893 609915357 5;??????? ?? 02;An;220 ;;;;
302;893 534081147 9;??????? ?? 03;An;10 ;;;;
303;893 609915812 9;????????????? 01;An;3 ;;;;
304;893 609915814 3;????????????? 02;An;85 ;;;;
305;anlanh001;??????????? ???100??? an lành (box);Box;4.252 ;;;;
306;8938511051001;??????????? ???100??? an lành (bag);Bag;5.890 ;;;;
307;8938547976057;???????????????? DMD 900ml - n??c t?y toilet DMD 900ml;Box;79 ;;;;
308;893 614030617 2;??????? 11 ?????????;An;20 ;;;;
309;893 614030618 9;??????? 11 ??????????????;An;4 ;;;;
310;893 614030620 2;??????? 13 ?????????;An;32 ;;;;
311;893 614030611 0;??????? 7 ?????????????;An;118 ;;;;
312;893 614030615 8;??????? 9 ????????;An;79 ;;;;
313;8935478TM0675;????????????????? - baby whipes vietteens;Bag;359 ;;;;
314;8936230640018;???????????????????-kh?n ??t con ong;Túi;15 ;;;;
315;8938539381111;????????????? 10????/???;Bag;400 ;;;;
316;8936052760017;?????????????????? Q2 275g - POTATO CRISP CRACKER Q2 275G;Bag;0 ;;;;
317;893 534080471 6;???????? 2 ???;An;22 ;;;;
318;893 609915249 3;????????????;An;112 ;;;;
319;893 614030734 6;?????????????? 1;An;17 ;;;;
320;893 609915226 4;?????????????;An;1 ;;;;
321;893 614030705 6;?????????? 01;An;4 ;;;;
322;893 534080430 3;?????? 2 ???;An;47 ;;;;
323;893 534080448 8;?????? 4 ???;An;17 ;;;;
324;893 534080925 4;???????????????;An;83 ;;;;
325;893 534080449 5;????????? 4 ???;An;28 ;;;;
326;893 609915272 1;??????????????;An;177 ;;;;
327;893 609915236 3;?????????;An;30 ;;;;
328;893 534080899 8;?????????;An;2 ;;;;
329;893 534080432 7;???????? 2 ???;An;94 ;;;;
330;893 534080927 8;??????????????;An;70 ;;;;
331;893 534080429 7;??????????? 2 ???;An;22 ;;;;
332;893 534080489 1;???????????????;An;3 ;;;;
333;KNCM;??????????????? Camile - KN Camile;H?p;899 ;;;;
334;KNEPSB;??????????????? Espresso( ??? ) - KN Espresso( Blue );Box;2 ;;;;
335;KNEPSY;??????????????? Espresso( ?????? ) - KN Espresso( Yellow );Box;22 ;;;;
336;KNEPSR;??????????????? Espresso( ??? ) - KN Espresso( Red );Box;132 ;;;;
337;KNKING;???????????????? King - KN King;H?p;2.629 ;;;;
338;KNRK;???????????????? Renka - KN Renka;H?p;3.100 ;;;;
339;KNKRN;????????????????? Korea - KN Korea;Box;2.490 ;;;;
340;KNKRB;????????????????? Korea( ??? ) - KN Korea( Blue );Box;0 ;;;;
341;KNKRY;????????????????? Korea( ?????? ) - KN Korea( Yellow );Box;0 ;;;;
342;KNKRR;????????????????? Korea( ??? ) - KN Korea( Red );Box;0 ;;;;
343;KNLK;????????????????? Lucky - KN luckky;Box;1.861 ;;;;
344;KNLKB;????????????????? Lucky( ??? ) - KN luckky( Blue );Box;0 ;;;;
345;KNLKY;????????????????? Lucky( ?????? ) - KN luckky( Yellow );Box;0 ;;;;
346;KNLKR;????????????????? Lucky( ??? ) - KN luckky( Red );Box;0 ;;;;
347;KNCBR;???????????????? cookie butter ( ??? ) - KN cookie butter ( Red );Box;2.625 ;;;;
348;KNDSR;???????????????? Daisy( ??? ) - KN Daisy( Red );Box;0 ;;;;
349;KNFCR;???????????????? France cookie ( ??? ) - KN France cookie ( Red );Box;1.576 ;;;;
350;KNKLMB;???????????????? Karmela( ??? ) - KN Karmela( Blue );Box;0 ;;;;
351;KNKKR;???????????????? Kit Ket( ??? ) - KN Kit Ket( Red );Box;23 ;;;;
352;KNONG;???????????????? Onion( ??? ) - KN Onion( Green );Box;6 ;;;;
353;KNQUR;???????????????? Queen( ??? ) - KN Queen( Red );Box;16 ;;;;
354;KNRN;???????????????? Reina - KN Reina;Box;18 ;;;;
355;KNNYB;???????????????? Reina( ??? ) - KN Reina( Blue );Box;0 ;;;;
356;KNNYY;???????????????? Reina( ?????? ) - KN Reina( Yellow );Box;0 ;;;;
357;KNNYR;???????????????? Reina( ??? ) - KN Reina( Red );Box;0 ;;;;
358;KNRS;???????????????? Russia - KN russia;Box;109 ;;;;
359;KNSLR;???????????????? Soliete( ??? ) - KN Soliete( Red );Box;5 ;;;;
360;840205716319;?????????????????????????? ??????? ??? PRAN HAPPY CUP RED (15 GM X 20 PCS X 6 JAR);Bottle;1.471 ;;;;
361;840205733347;???????????? ???????  FRESH IN CANDY 2.5 GMx 150 PCSx 12 JAR;Bot;610 ;;;;
362;8936047440221;??????????????????????????? richy - Richy Strawberry Stick;Box;2.162 ;;;;
363;8936047440214;????????????????????????????? richy - Richy Chocolate Stick;Box;2.325 ;;;;
364;6972011793926;??????????????????????????????? - khao nom khai 3 jae Chocolate;Bag;2 ;;;;
365;8938520490280;???????????????????????  - Khao nom pang Yoghurt cream cheese 85g;An;0 ;;;;
366;8976063743098;???????????? ??? - Lipo cream egg cookies cheese flavour 135g;Bag;6.678 ;;;;
367;LPFAX24T;???????????? ??????? Lipo cream egg cookies durian flavour fax24;Fax;1.877 ;;;;
368;8936063742644;???????????? ?????? - Lipo cream egg cookies lemon flavour 135g;Bag;3.969 ;;;;
369;LPFAX24P;???????????? ??????? Lipo cream egg cookies coconut flavour fax24;Fax;1.795 ;;;;
370;LPFAX24N;???????????? ???? Lipo cream egg cookies butter flavour fax24;Fax;1.763 ;;;;
371;8993175537285;???????????????????? - Richeese Wafer 110g (Nabati);Gói;103 ;;;;
372;8993175541008;??????????????? - Richeese Ahh 9g (Nabati);Box;886 ;;;;
373;8993175561945;????????????????? - Goguma Ahh 9g (Nabati);Box;0 ;;;;
374;8936213250067;??????????? - khao nom pia 260 g;Bag;295 ;;;;
375;8936213250081;??????????? -khao nom  PIA 120g;Bag;588 ;;;;
376;8936213250098;??????????? ??????? - khao nom pia khai khem 260G;Bag;271 ;;;;
377;8936213250074;"??????????? ??????- khao nom PIA bai tery   120g""";Bag;1.076 ;;;;
378;8936213250234;??????????? ?????? Pia 300g;Bag;297 ;;;;
379;8993175537346;??????????????????????????? - Richoco Wafer 110g (Nabati);Gói;25 ;;;;
380;8993175533157;??????????????????????????? - Richoco Wafer 15g (Nabati);Box;0 ;;;;
381;8993175542128;??????????????????????????? - Richoco Wafer 17g (Nabati);Fax;281 ;;;;
382;8993175535885;??????????????????????????? - Richoco Wafer 50g (Nabati);Gói;3.375 ;;;;
383;8993175532648;???????????????????? - Richeese Wafer 15g (Nabati);Box;0 ;;;;
384;8993175542098;???????????????????? - Richeese Wafer 17g (Nabati);Fax;108 ;;;;
385;8993175535878;???????????????????? - Richeese Wafer 50g (Nabati);Gói;2.340 ;;;;
386;8993175561211;?????????????????????? - Goguma Wafer 110g (Nabati);Bag;16 ;;;;
387;8993175561167;?????????????????????? - Goguma Wafer 17g (Nabati);Fax;0 ;;;;
388;8993175561198;?????????????????????? - Goguma Wafer 50g (Nabati);Bag;0 ;;;;
389;4969244508467;???????????????? ?????? ??? - khao nom cracker cooki cheese 72g;Bag;1.826 ;;;;
390;4969244508450;???????????????? ?????? ???????+???? - khao nom cracker cooki butter 72g;Bag;1.806 ;;;;
391;8938532962362;???????????????? ??????????? - JIN JU Green Rice Flakes with Milk Flavour Rice Cracker;Bag;1.021 ;;;;
392;8938506170540;???????????????? ????????? - JIN JU Rice Cracker - Ganjang Honey flavor;Bag;665 ;;;;
393;8938532962003;???????????????? ??????? - JIN JU Rice Cracker - BBQ pepper steak flavor;Bag;66 ;;;;
394;8938532962584;???????????????? ?????????????? -JIN JU Pink Salt Rice Cracker;Bag;199 ;;;;
395;8938522877317;??????????????HASUKO ??????-khao nom Yogurt HASUKO hungnok 260g;Bag;0 ;;;;
396;6972011793889;?????????????????????????? - khao nom khai 3jae strawberry;Bag;0 ;;;;
397;6972011793940;??????????????????? - khao nom khai 3jae Cheese;Bag;0 ;;;;
398;6972011793902;???????????????????????? - Khao nom khai 3 jae Matcha;Bag;0 ;;;;
399;6972011794084;??????????????????????????-khao nom khai 4jae strawberry 60G;Bag;0 ;;;;
400;6972011794060;??????????????????????????-khao nom khai 4jae chocolate 60G;Bag;0 ;;;;
401;6972011794077;???????????????????-khao nom khai 4jae Cheese 60G;Bag;0 ;;;;
402;6972011794053;???????????????????????? - khao nom khai 4 jae Matcha 60g;Bag;1 ;;;;
403;6972011793988;????????????????? - khao nom khai lod nom;Bag;0 ;;;;
404;8936217400604;??????????????????????????????????-khao nom khai sensen 3jae chocolate;Bag;4 ;;;;
405;8936217402165;??????????????????????????????????-khao nom khai sensen 3jae chocolate;Bag;1.926 ;;;;
406;8936217402158;?????????????????????????????-khao nom khai 3jae green tea;Bag;45 ;;;;
407;8936217402141;????????????????????????????????-khao nom khai sensen 3jae Original;Bag;5 ;;;;
408;8938547065942;??????????????????-khao nom khai size yai 100G;Bag;390 ;;;;
409;HMCGHY;???????????????????;Bag;40 ;;;;
410;8859522968693;????????????? ??????? 200g  Sen lorn sakhu Nam xiem 200g;Bag;4.009 ;;;;
411;893 6140304888;???????????????? 01;An;94 ;;;;
412;893 534080344 3;???????????????? 02;An;23 ;;;;
413;893 534080778 6;??????????? 01;An;149 ;;;;
414;893 534080661 1;??????????? 02;An;119 ;;;;
415;893 534080988 9;??????????? 01;An;45 ;;;;
416;893 534080989 6;??????????? 02;An;65 ;;;;
417;893 609915918 8;?????????? 01;An;90 ;;;;
418;893 609915919 5;?????????? 02;An;42 ;;;;
419;893 609915920 1;?????????? 03;An;215 ;;;;
420;893 609915943 0;?????????? 04;An;71 ;;;;
421;893 609915959 1;?????????? 05;An;25 ;;;;
422;893 609915965 2;??????????? 01;An;33 ;;;;
423;893 614030481 9;??????????? 02;An;18 ;;;;
424;893 609915968 3;??????????? 03;An;45 ;;;;
425;893 614030648 6;????????? ???? 02;An;1 ;;;;
426;893 534080730 4;????????? fastfood;An;58 ;;;;
427;893 614030599 1;???????????????  128 ???;An;14 ;;;;
428;893 614030646 2;?????????????????????  36 ???;An;19 ;;;;
429;893 609915896 9;??????????????????;An;38 ;;;;
430;893 609915680 4;?????????????????;An;21 ;;;;
431;893 534081016 8;???????????;An;3 ;;;;
432;893 614030250 1;???????????????? 01;An;69 ;;;;
433;893 614030321 8;???????????????? 02;An;40 ;;;;
434;893 534081083 0;?????????;An;76 ;;;;
435;841165161966;???? ????????? TREAT CHOCO BALL 8GM  (24 PACK X 12 POUCH);Fax;360 ;;;;
436;8935060604047;??????? ??????? 500g - NATTY Cologen Long Hai;Bag;940 ;;;;
437;8935060600018;???????????????? 416g - Long Hai;Bag;637 ;;;;
438;8935060603606;???????????????? 910g - Long Hai;Bag;709 ;;;;
439;8935060604061;?????????????? 500g - Calci Long Hai;Bag;1.287 ;;;;
440;8935060600056;?????????????  432 g - NATTY Long Hai;Bag;200 ;;;;
441;TOVP;????????????????? - thùng không bánh h?p v? phong;thùng;20 ;;;;
442;8936052760482;????????? ???? - ???????? Q3 250g CREAM DURIAN CRACKER;Bag;949 ;;;;
443;8936052760628;????????? ???? Q3 250g- ??? ???????? CREAM CRACKER MANGO;Bag;4 ;;;;
444;8936052760178;????????? ???????  Q3 250g - CHEESE CREAM CRACKER Q3 250G;Bag;1.282 ;;;;
T?ng c?ng;;;;531.580 ;;-531.580 ;;
